Nom,Prénom
Martin,Léo
Thomas,Gabriel
Petit,Raphaël
Robert,Arthur
Richard,Louis
Durand,Jules
Dubois,Adam
Bernard,Maël
Laurent,Lucas
Simon,Hugo
Michel,Noah
Leroy,Liam
Roux,Gabin
David,Sacha
Bertrand,Paul
Morel,Nathan
Fournier,Aaron
Girard,Mohamed
Bonnet,Ethan
Dupont,Tom
Lambert,Eden
Fontaine,Leon
Rousseau,Noe
Vincent,Tiago
Muller,Theo
Lefèvre,Isaac
Faire,Marius
Andre,Victor
Mercier,Ayden
Blanc,Martin
Guerin,Naël
Boyer,Mathis
Garnier,Axel
Chevalier,Robin
Francois,Timéo
LeGrand,Enzo
Perrin,Marceau
Morin,Valentin
Roussel,Nino
Masson,Eliott
Marchand,Nolan
Duval,Malo
Denis,Milo
Dumont,Antoine
Lemaire,Samuel
Brunet,Augustin
Dumas,Amir
Lacroix,Lyam
Leclerc,Rayan
,Capucine
,Jade
,Louise
,Emma
,Alice
,Ambre
,Lina
,Rose
,Chloe
,Mia
,Léa
,Anna
,Mila
,Julia
,Romy
,Lou
,Inès
,Léna
,Agathe
,Juliette
,Inaya
,Nina
,Zoe
,Léonie
,Jeanne
,Iris
,Eva
,Charlie
,Lola
,Adele
,Victoire
,Manon
,Luna
,Camille
,Romane
,Lucie
,Margaux
,Olivia
,Victoria
,Alix
,Louna
,Mya
,Sofia
,Charlotte
,Sarah
,Giulia
,Lya
,Margot
,Nour
